file	type	old_path	new_path	asset_filename
community-contact/community-created-accessories.md	markdown-img	../../.gitbook/assets/two-attenuators-connected.jpg	../.gitbook/assets/two-attenuators-connected.jpg	two-attenuators-connected.jpg
community-contact/community-created-accessories.md	markdown-img	../../.gitbook/assets/2018-09-24_1000.png	../.gitbook/assets/2018-09-24_1000.png	2018-09-24_1000.png
community-contact/community-created-accessories.md	markdown-img	../../.gitbook/assets/2018-09-24_1026.png	../.gitbook/assets/2018-09-24_1026.png	2018-09-24_1026.png
community-contact/community-created-accessories.md	markdown-img	../../.gitbook/assets/e1a84da32242e03b838653b751a6350e_preview_featured.jpg	../.gitbook/assets/e1a84da32242e03b838653b751a6350e_preview_featured.jpg	e1a84da32242e03b838653b751a6350e_preview_featured.jpg
community-contact/community-created-accessories.md	html-img	../../.gitbook/assets/mso-stand.jpg	../.gitbook/assets/mso-stand.jpg	mso-stand.jpg
community-contact/feedback.md	angle-bracket-img	../../.gitbook/assets/Screen Shot 2022-01-10 at 6.43.33 PM.png	../.gitbook/assets/Screen Shot 2022-01-10 at 6.43.33 PM.png	Screen Shot 2022-01-10 at 6.43.33 PM.png
community-contact/license.md	file-block	../../.gitbook/assets/Saleae Software License Agreement.txt	../.gitbook/assets/Saleae Software License Agreement.txt	Saleae Software License Agreement.txt
community-contact/message-us-directly.md	markdown-img	../../../.gitbook/assets/report.png	../.gitbook/assets/report.png	report.png
extensions-api/automation-api/how-to-trigger-on-a-pulse-with-no-maximum-time-limit.md	html-img	../../../.gitbook/assets/trigger_na.png	../../.gitbook/assets/trigger_na.png	trigger_na.png
extensions-api/extensions/about-third-party-extensions.md	angle-bracket-img	../../../../.gitbook/assets/Screen Shot 2020-08-28 at 5.12.28 PM.png	../../.gitbook/assets/Screen Shot 2020-08-28 at 5.12.28 PM.png	Screen Shot 2020-08-28 at 5.12.28 PM.png
extensions-api/extensions/extensions-quickstart.md	markdown-img	../../../../.gitbook/assets/use_measurement.gif	../../.gitbook/assets/use_measurement.gif	use_measurement.gif
extensions-api/extensions/extensions-quickstart.md	angle-bracket-img	../../../../.gitbook/assets/Screen Shot 2020-05-21 at 3.50.11 PM.png	../../.gitbook/assets/Screen Shot 2020-05-21 at 3.50.11 PM.png	Screen Shot 2020-05-21 at 3.50.11 PM.png
extensions-api/extensions/extensions-quickstart.md	angle-bracket-img	../../../../.gitbook/assets/Screen Shot 2020-05-27 at 7.19.26 PM.png	../../.gitbook/assets/Screen Shot 2020-05-27 at 7.19.26 PM.png	Screen Shot 2020-05-27 at 7.19.26 PM.png
extensions-api/extensions/extensions-quickstart.md	html-img	../../../../.gitbook/assets/Screen Shot 2020-06-10 at 8.29.50 PM.png	../../.gitbook/assets/Screen Shot 2020-06-10 at 8.29.50 PM.png	Screen Shot 2020-06-10 at 8.29.50 PM.png
extensions-api/extensions/extensions-quickstart.md	html-img	../../../../.gitbook/assets/Screen Shot 2020-06-10 at 8.29.13 PM.png	../../.gitbook/assets/Screen Shot 2020-06-10 at 8.29.13 PM.png	Screen Shot 2020-06-10 at 8.29.13 PM.png
extensions-api/extensions/extensions-quickstart.md	html-img	../../../../.gitbook/assets/Screen Shot 2020-06-10 at 8.28.18 PM.png	../../.gitbook/assets/Screen Shot 2020-06-10 at 8.28.18 PM.png	Screen Shot 2020-06-10 at 8.28.18 PM.png
extensions-api/extensions/extensions-quickstart.md	html-img	../../../../.gitbook/assets/Screen Shot 2020-06-10 at 8.24.29 PM.png	../../.gitbook/assets/Screen Shot 2020-06-10 at 8.24.29 PM.png	Screen Shot 2020-06-10 at 8.24.29 PM.png
extensions-api/extensions/extensions-quickstart.md	file-block	../../../../.gitbook/assets/I2C.sal	../../.gitbook/assets/I2C.sal	I2C.sal
extensions-api/extensions/high-level-analyzer-extensions.md	markdown-img	../../../../../.gitbook/assets/hla-quickstart-reload.png	../../.gitbook/assets/hla-quickstart-reload.png	hla-quickstart-reload.png
extensions-api/extensions/high-level-analyzer-extensions.md	markdown-img	../../../../../.gitbook/assets/hla-quickstart-search.png	../../.gitbook/assets/hla-quickstart-search.png	hla-quickstart-search.png
extensions-api/extensions/high-level-analyzer-extensions.md	markdown-img	../../../../../.gitbook/assets/hla-quickstart-edit.png	../../.gitbook/assets/hla-quickstart-edit.png	hla-quickstart-edit.png
extensions-api/extensions/high-level-analyzer-extensions.md	markdown-img	../../../../../.gitbook/assets/hla-quickstart-settings.png	../../.gitbook/assets/hla-quickstart-settings.png	hla-quickstart-settings.png
extensions-api/extensions/high-level-analyzer-extensions.md	markdown-img	../../../../../.gitbook/assets/hla-quickstart-searching-for-settings.png	../../.gitbook/assets/hla-quickstart-searching-for-settings.png	hla-quickstart-searching-for-settings.png
extensions-api/extensions/high-level-analyzer-extensions.md	markdown-img	../../../../../.gitbook/assets/hla-quickstart-display-string.png	../../.gitbook/assets/hla-quickstart-display-string.png	hla-quickstart-display-string.png
extensions-api/extensions/high-level-analyzer-extensions.md	markdown-img	../../../../../.gitbook/assets/hla-quickstart-nomatch.png	../../.gitbook/assets/hla-quickstart-nomatch.png	hla-quickstart-nomatch.png
extensions-api/extensions/high-level-analyzer-extensions.md	angle-bracket-img	../../../../../.gitbook/assets/Screen Shot 2021-07-28 at 5.40.27 PM.png	../../.gitbook/assets/Screen Shot 2021-07-28 at 5.40.27 PM.png	Screen Shot 2021-07-28 at 5.40.27 PM.png
extensions-api/extensions/high-level-analyzer-extensions.md	angle-bracket-img	../../../../../.gitbook/assets/hla-quickstart (1).png	../../.gitbook/assets/hla-quickstart (1).png	hla-quickstart (1).png
extensions-api/extensions/high-level-analyzer-extensions.md	file-block	../../../../../.gitbook/assets/hla-quickstart (1).zip	../../.gitbook/assets/hla-quickstart (1).zip	hla-quickstart (1).zip
extensions-api/extensions/installing-extensions.md	markdown-img	../../../../.gitbook/assets/uninstall-ext.png	../../.gitbook/assets/uninstall-ext.png	uninstall-ext.png
extensions-api/extensions/installing-extensions.md	angle-bracket-img	../../../../.gitbook/assets/Screen Shot 2020-11-30 at 4.38.27 PM.png	../../.gitbook/assets/Screen Shot 2020-11-30 at 4.38.27 PM.png	Screen Shot 2020-11-30 at 4.38.27 PM.png
extensions-api/extensions/installing-extensions.md	angle-bracket-img	../../../../.gitbook/assets/Screen Shot 2020-11-30 at 4.49.54 PM.png	../../.gitbook/assets/Screen Shot 2020-11-30 at 4.49.54 PM.png	Screen Shot 2020-11-30 at 4.49.54 PM.png
extensions-api/extensions/installing-extensions.md	angle-bracket-img	../../../../.gitbook/assets/Screen Shot 2020-11-30 at 4.52.09 PM.png	../../.gitbook/assets/Screen Shot 2020-11-30 at 4.52.09 PM.png	Screen Shot 2020-11-30 at 4.52.09 PM.png
extensions-api/extensions/publish-an-extension.md	html-img	../../../../.gitbook/assets/Screen Shot 2020-06-10 at 8.40.05 PM.png	../../.gitbook/assets/Screen Shot 2020-06-10 at 8.40.05 PM.png	Screen Shot 2020-06-10 at 8.40.05 PM.png
extensions-api/extensions/publish-an-extension.md	html-img	../../../../.gitbook/assets/Screen Shot 2020-06-11 at 8.52.44 PM.png	../../.gitbook/assets/Screen Shot 2020-06-11 at 8.52.44 PM.png	Screen Shot 2020-06-11 at 8.52.44 PM.png
extensions-api/extensions/publish-an-extension.md	html-img	../../../../.gitbook/assets/Screen Shot 2020-06-11 at 9.31.38 PM.png	../../.gitbook/assets/Screen Shot 2020-06-11 at 9.31.38 PM.png	Screen Shot 2020-06-11 at 9.31.38 PM.png
extensions-api/extensions/publish-an-extension.md	html-img	../../../../.gitbook/assets/Screen Shot 2020-06-11 at 11.10.17 PM.png	../../.gitbook/assets/Screen Shot 2020-06-11 at 11.10.17 PM.png	Screen Shot 2020-06-11 at 11.10.17 PM.png
extensions-api/extensions/publish-an-extension.md	html-img	../../../../.gitbook/assets/Screen Shot 2020-06-11 at 9.17.50 PM.png	../../.gitbook/assets/Screen Shot 2020-06-11 at 9.17.50 PM.png	Screen Shot 2020-06-11 at 9.17.50 PM.png
extensions-api/protocol-analyzer-sdk/framev2-hla-support-analyzer-sdk.md	angle-bracket-img	../../../../../.gitbook/assets/image (11).png	../../.gitbook/assets/image (11).png	image (11).png
extensions-api/protocol-analyzer-sdk/osx-analyzer-sdk-xcode-setup.md	html-img	../../../.gitbook/assets/1_-_new_project.png	../../.gitbook/assets/1_-_new_project.png	1_-_new_project.png
extensions-api/protocol-analyzer-sdk/osx-analyzer-sdk-xcode-setup.md	html-img	../../../.gitbook/assets/2_-_empty_project.png	../../.gitbook/assets/2_-_empty_project.png	2_-_empty_project.png
extensions-api/protocol-analyzer-sdk/osx-analyzer-sdk-xcode-setup.md	html-img	../../../.gitbook/assets/2_5_analyzer_name.png	../../.gitbook/assets/2_5_analyzer_name.png	2_5_analyzer_name.png
extensions-api/protocol-analyzer-sdk/osx-analyzer-sdk-xcode-setup.md	html-img	../../../.gitbook/assets/2_75_-_project_location.png	../../.gitbook/assets/2_75_-_project_location.png	2_75_-_project_location.png
extensions-api/protocol-analyzer-sdk/osx-analyzer-sdk-xcode-setup.md	html-img	../../../.gitbook/assets/3_-_copy_files.png	../../.gitbook/assets/3_-_copy_files.png	3_-_copy_files.png
extensions-api/protocol-analyzer-sdk/osx-analyzer-sdk-xcode-setup.md	html-img	../../../.gitbook/assets/4_-_rename_analyzer_script.png	../../.gitbook/assets/4_-_rename_analyzer_script.png	4_-_rename_analyzer_script.png
extensions-api/protocol-analyzer-sdk/osx-analyzer-sdk-xcode-setup.md	html-img	../../../.gitbook/assets/5_-_add_target_button.png	../../.gitbook/assets/5_-_add_target_button.png	5_-_add_target_button.png
extensions-api/protocol-analyzer-sdk/osx-analyzer-sdk-xcode-setup.md	html-img	../../../.gitbook/assets/6_-_add_target_menu.png	../../.gitbook/assets/6_-_add_target_menu.png	6_-_add_target_menu.png
extensions-api/protocol-analyzer-sdk/osx-analyzer-sdk-xcode-setup.md	html-img	../../../.gitbook/assets/7_-_library_target.png	../../.gitbook/assets/7_-_library_target.png	7_-_library_target.png
extensions-api/protocol-analyzer-sdk/osx-analyzer-sdk-xcode-setup.md	html-img	../../../.gitbook/assets/8_-_library_settings.png	../../.gitbook/assets/8_-_library_settings.png	8_-_library_settings.png
extensions-api/protocol-analyzer-sdk/osx-analyzer-sdk-xcode-setup.md	html-img	../../../.gitbook/assets/8_5_-_add_files_menu.png	../../.gitbook/assets/8_5_-_add_files_menu.png	8_5_-_add_files_menu.png
extensions-api/protocol-analyzer-sdk/osx-analyzer-sdk-xcode-setup.md	html-img	../../../.gitbook/assets/9_-_add_files.png	../../.gitbook/assets/9_-_add_files.png	9_-_add_files.png
extensions-api/protocol-analyzer-sdk/osx-analyzer-sdk-xcode-setup.md	html-img	../../../.gitbook/assets/9_5_-_verify_sources_added.png	../../.gitbook/assets/9_5_-_verify_sources_added.png	9_5_-_verify_sources_added.png
extensions-api/protocol-analyzer-sdk/osx-analyzer-sdk-xcode-setup.md	html-img	../../../.gitbook/assets/10_-_build_settings_page.png	../../.gitbook/assets/10_-_build_settings_page.png	10_-_build_settings_page.png
extensions-api/protocol-analyzer-sdk/osx-analyzer-sdk-xcode-setup.md	html-img	../../../.gitbook/assets/11_-_header_includes_search_path.png	../../.gitbook/assets/11_-_header_includes_search_path.png	11_-_header_includes_search_path.png
extensions-api/protocol-analyzer-sdk/osx-analyzer-sdk-xcode-setup.md	html-img	../../../.gitbook/assets/11_5_-_add_library_path.png	../../.gitbook/assets/11_5_-_add_library_path.png	11_5_-_add_library_path.png
extensions-api/protocol-analyzer-sdk/osx-analyzer-sdk-xcode-setup.md	html-img	../../../.gitbook/assets/12_-_add_library_part_1.png	../../.gitbook/assets/12_-_add_library_part_1.png	12_-_add_library_part_1.png
extensions-api/protocol-analyzer-sdk/osx-analyzer-sdk-xcode-setup.md	html-img	../../../.gitbook/assets/13_-_add_library_part_2.png	../../.gitbook/assets/13_-_add_library_part_2.png	13_-_add_library_part_2.png
extensions-api/protocol-analyzer-sdk/osx-analyzer-sdk-xcode-setup.md	html-img	../../../.gitbook/assets/14_-_add_library_part_3.png	../../.gitbook/assets/14_-_add_library_part_3.png	14_-_add_library_part_3.png
extensions-api/protocol-analyzer-sdk/osx-analyzer-sdk-xcode-setup.md	html-img	../../../.gitbook/assets/optional_-_project_settings_-_edit_products_folder_menu.png	../../.gitbook/assets/optional_-_project_settings_-_edit_products_folder_menu.png	optional_-_project_settings_-_edit_products_folder_menu.png
extensions-api/protocol-analyzer-sdk/osx-analyzer-sdk-xcode-setup.md	html-img	../../../.gitbook/assets/optional_-_Project_Settings.png	../../.gitbook/assets/optional_-_Project_Settings.png	optional_-_Project_Settings.png
extensions-api/protocol-analyzer-sdk/osx-analyzer-sdk-xcode-setup.md	html-img	../../../.gitbook/assets/15_-_edit_scheme.png	../../.gitbook/assets/15_-_edit_scheme.png	15_-_edit_scheme.png
extensions-api/protocol-analyzer-sdk/osx-analyzer-sdk-xcode-setup.md	html-img	../../../.gitbook/assets/16_-_debug_launch_app_menu.png	../../.gitbook/assets/16_-_debug_launch_app_menu.png	16_-_debug_launch_app_menu.png
extensions-api/protocol-analyzer-sdk/osx-analyzer-sdk-xcode-setup.md	html-img	../../../.gitbook/assets/17_-_select_debug_program.png	../../.gitbook/assets/17_-_select_debug_program.png	17_-_select_debug_program.png
extensions-api/protocol-analyzer-sdk/osx-analyzer-sdk-xcode-setup.md	html-img	../../../.gitbook/assets/18_-_breakpoint_set.png	../../.gitbook/assets/18_-_breakpoint_set.png	18_-_breakpoint_set.png
extensions-api/protocol-analyzer-sdk/osx-analyzer-sdk-xcode-setup.md	html-img	../../../.gitbook/assets/19_-_logic_software_add_analyzer_menu.png	../../.gitbook/assets/19_-_logic_software_add_analyzer_menu.png	19_-_logic_software_add_analyzer_menu.png
extensions-api/protocol-analyzer-sdk/osx-analyzer-sdk-xcode-setup.md	html-img	../../../.gitbook/assets/20_-_analyzer_in_Logic.png	../../.gitbook/assets/20_-_analyzer_in_Logic.png	20_-_analyzer_in_Logic.png
extensions-api/protocol-analyzer-sdk/osx-analyzer-sdk-xcode-setup.md	html-img	../../../.gitbook/assets/21_-_logic_software_start_button.png	../../.gitbook/assets/21_-_logic_software_start_button.png	21_-_logic_software_start_button.png
extensions-api/protocol-analyzer-sdk/osx-analyzer-sdk-xcode-setup.md	html-img	../../../.gitbook/assets/22_-_breakpoint_hit.png	../../.gitbook/assets/22_-_breakpoint_hit.png	22_-_breakpoint_hit.png
extensions-api/protocol-analyzer-sdk/setting-up-developer-directory.md	angle-bracket-img	../../../.gitbook/assets/Screen Shot 2021-04-05 at 3.26.38 PM.png	../../.gitbook/assets/Screen Shot 2021-04-05 at 3.26.38 PM.png	Screen Shot 2021-04-05 at 3.26.38 PM.png
extensions-api/protocol-analyzer-sdk/setting-up-developer-directory.md	html-img	../../../.gitbook/assets/edit-settings.png	../../.gitbook/assets/edit-settings.png	edit-settings.png
getting-started/identify-each-saleae-device.md	html-img	../../../.gitbook/assets/Logic4.jpeg	../.gitbook/assets/Logic4.jpeg	Logic4.jpeg
getting-started/identify-each-saleae-device.md	html-img	../../../.gitbook/assets/SAL-00111 (1).jpg	../.gitbook/assets/SAL-00111 (1).jpg	SAL-00111 (1).jpg
getting-started/identify-each-saleae-device.md	html-img	../../../.gitbook/assets/SAL-00111 (2).jpg	../.gitbook/assets/SAL-00111 (2).jpg	SAL-00111 (2).jpg
getting-started/identify-each-saleae-device.md	html-img	../../../.gitbook/assets/SAL-00115.jpg	../.gitbook/assets/SAL-00115.jpg	SAL-00115.jpg
getting-started/identify-each-saleae-device.md	html-img	../../../.gitbook/assets/OLogic.jpeg	../.gitbook/assets/OLogic.jpeg	OLogic.jpeg
getting-started/identify-each-saleae-device.md	html-img	../../../.gitbook/assets/Logic16.jpeg	../.gitbook/assets/Logic16.jpeg	Logic16.jpeg
getting-started/product-summary.md	html-img	../../.gitbook/assets/Logic 8.jpg	../.gitbook/assets/Logic 8.jpg	Logic 8.jpg
getting-started/product-summary.md	html-img	../../.gitbook/assets/Logic Pro 16.jpg	../.gitbook/assets/Logic Pro 16.jpg	Logic Pro 16.jpg
getting-started/setup.md	angle-bracket-img	../../.gitbook/assets/saleae_harness_2 (1) (1) (1) (1) (1) (1).jpg	../.gitbook/assets/saleae_harness_2 (1) (1) (1) (1) (1) (1).jpg	saleae_harness_2 (1) (1) (1) (1) (1) (1).jpg
getting-started/setup.md	angle-bracket-img	../../.gitbook/assets/saleae_annotated_pins (1).png	../.gitbook/assets/saleae_annotated_pins (1).png	saleae_annotated_pins (1).png
getting-started/setup.md	angle-bracket-img	../../.gitbook/assets/saleae_example_circuit (1) (1) (1) (1).jpg	../.gitbook/assets/saleae_example_circuit (1) (1) (1) (1).jpg	saleae_example_circuit (1) (1) (1) (1).jpg
logic-software/capturing-data/capture-modes.md	markdown-img	../../../.gitbook/assets/Trim-Pre-Trigger-Data.png	../../.gitbook/assets/Trim-Pre-Trigger-Data.png	Trim-Pre-Trigger-Data.png
logic-software/capturing-data/capture-modes.md	markdown-img	../../../.gitbook/assets/Duration-after-trigger.png	../../.gitbook/assets/Duration-after-trigger.png	Duration-after-trigger.png
logic-software/capturing-data/capture-modes.md	angle-bracket-img	../../../.gitbook/assets/Screen Shot 2020-09-23 at 6.25.23 PM.png	../../.gitbook/assets/Screen Shot 2020-09-23 at 6.25.23 PM.png	Screen Shot 2020-09-23 at 6.25.23 PM.png
logic-software/capturing-data/capture-modes.md	angle-bracket-img	../../../.gitbook/assets/Screen Shot 2020-09-23 at 6.32.26 PM.png	../../.gitbook/assets/Screen Shot 2020-09-23 at 6.32.26 PM.png	Screen Shot 2020-09-23 at 6.32.26 PM.png
logic-software/capturing-data/capture-modes.md	angle-bracket-img	../../../.gitbook/assets/Screen Shot 2020-11-02 at 3.53.54 PM.png	../../.gitbook/assets/Screen Shot 2020-11-02 at 3.53.54 PM.png	Screen Shot 2020-11-02 at 3.53.54 PM.png
logic-software/capturing-data/capture-modes.md	angle-bracket-img	../../../.gitbook/assets/Screen Shot 2021-09-08 at 8.56.14 PM.png	../../.gitbook/assets/Screen Shot 2021-09-08 at 8.56.14 PM.png	Screen Shot 2021-09-08 at 8.56.14 PM.png
logic-software/capturing-data/capture-modes.md	angle-bracket-img	../../../.gitbook/assets/Screen Shot 2020-12-04 at 3.10.17 PM.png	../../.gitbook/assets/Screen Shot 2020-12-04 at 3.10.17 PM.png	Screen Shot 2020-12-04 at 3.10.17 PM.png
logic-software/capturing-data/capture-settings.md	angle-bracket-img	../../../.gitbook/assets/Screen Shot 2021-12-07 at 1.51.02 PM.png	../../.gitbook/assets/Screen Shot 2021-12-07 at 1.51.02 PM.png	Screen Shot 2021-12-07 at 1.51.02 PM.png
logic-software/capturing-data/capture-settings.md	angle-bracket-img	../../../.gitbook/assets/Screen Shot 2022-04-25 at 7.12.41 PM.png	../../.gitbook/assets/Screen Shot 2022-04-25 at 7.12.41 PM.png	Screen Shot 2022-04-25 at 7.12.41 PM.png
logic-software/capturing-data/connecting-accessories.md	html-img	../../../.gitbook/assets/SAL-00097.webp	../../.gitbook/assets/SAL-00097.webp	SAL-00097.webp
logic-software/capturing-data/connecting-accessories.md	html-img	../../../.gitbook/assets/Logic Accessory Connection (1).jpg	../../.gitbook/assets/Logic Accessory Connection (1).jpg	Logic Accessory Connection (1).jpg
logic-software/capturing-data/connecting-accessories.md	html-img	../../../.gitbook/assets/Connecting the Test Clip.jpg	../../.gitbook/assets/Connecting the Test Clip.jpg	Connecting the Test Clip.jpg
logic-software/capturing-data/connecting-accessories.md	html-img	../../../.gitbook/assets/SAL-00094.webp	../../.gitbook/assets/SAL-00094.webp	SAL-00094.webp
logic-software/capturing-data/connecting-accessories.md	html-img	../../../.gitbook/assets/Connecting the 1x9 Wire Harness.jpg	../../.gitbook/assets/Connecting the 1x9 Wire Harness.jpg	Connecting the 1x9 Wire Harness.jpg
logic-software/capturing-data/demo-mode.md	markdown-img	../../../.gitbook/assets/Untitled.png	../../.gitbook/assets/Untitled.png	Untitled.png
logic-software/capturing-data/demo-mode.md	angle-bracket-img	../../../.gitbook/assets/Screen Shot 2021-04-13 at 5.17.22 PM.png	../../.gitbook/assets/Screen Shot 2021-04-13 at 5.17.22 PM.png	Screen Shot 2021-04-13 at 5.17.22 PM.png
logic-software/capturing-data/demo-mode.md	angle-bracket-img	../../../.gitbook/assets/Screen Shot 2021-04-13 at 5.20.23 PM.png	../../.gitbook/assets/Screen Shot 2021-04-13 at 5.20.23 PM.png	Screen Shot 2021-04-13 at 5.20.23 PM.png
logic-software/download-and-installation/logic-1.x-installation.md	angle-bracket-img	../../../.gitbook/assets/Screen Shot 2020-09-03 at 7.00.12 PM.png	../../.gitbook/assets/Screen Shot 2020-09-03 at 7.00.12 PM.png	Screen Shot 2020-09-03 at 7.00.12 PM.png
logic-software/download-and-installation/logic-1.x-installation.md	html-img	../../../.gitbook/assets/osx_install.png	../../.gitbook/assets/osx_install.png	osx_install.png
logic-software/download-and-installation/older-software-releases.md	angle-bracket-img	../../../.gitbook/assets/Screen Shot 2022-03-10 at 8.21.14 PM.png	../../.gitbook/assets/Screen Shot 2022-03-10 at 8.21.14 PM.png	Screen Shot 2022-03-10 at 8.21.14 PM.png
logic-software/download-and-installation/older-software-releases.md	angle-bracket-img	../../../.gitbook/assets/Screen Shot 2022-08-03 at 4.47.39 PM (1).png	../../.gitbook/assets/Screen Shot 2022-08-03 at 4.47.39 PM (1).png	Screen Shot 2022-08-03 at 4.47.39 PM (1).png
logic-software/download-and-installation/older-software-releases.md	angle-bracket-img	../../../.gitbook/assets/Screen Shot 2020-08-03 at 5.35.31 PM.png	../../.gitbook/assets/Screen Shot 2020-08-03 at 5.35.31 PM.png	Screen Shot 2020-08-03 at 5.35.31 PM.png
logic-software/saving-and-exporting-data/binary-data-export-format.md	markdown-img	../../../.gitbook/assets/2019-06-27_1936.png	../../.gitbook/assets/2019-06-27_1936.png	2019-06-27_1936.png
logic-software/saving-and-exporting-data/binary-data-export-format.md	markdown-img	../../../.gitbook/assets/2019-06-27_1947.png	../../.gitbook/assets/2019-06-27_1947.png	2019-06-27_1947.png
logic-software/saving-and-exporting-data/differentiate-data-in-the-export-file.md	html-img	../../../.gitbook/assets/duplicate_analyzers.png	../../.gitbook/assets/duplicate_analyzers.png	duplicate_analyzers.png
logic-software/saving-and-exporting-data/differentiate-data-in-the-export-file.md	html-img	../../../.gitbook/assets/change_analyzer_name.png	../../.gitbook/assets/change_analyzer_name.png	change_analyzer_name.png
logic-software/saving-and-exporting-data/differentiate-data-in-the-export-file.md	html-img	../../../.gitbook/assets/export_search_results.png	../../.gitbook/assets/export_search_results.png	export_search_results.png
logic-software/saving-and-exporting-data/differentiate-data-in-the-export-file.md	html-img	../../../.gitbook/assets/export_results.png	../../.gitbook/assets/export_results.png	export_results.png
logic-software/saving-and-exporting-data/differentiate-data-in-the-export-file.md	html-img	../../../.gitbook/assets/export-analyzer-csv.png	../../.gitbook/assets/export-analyzer-csv.png	export-analyzer-csv.png
logic-software/saving-and-exporting-data/exporting-data.md	markdown-img	../../../.gitbook/assets/data-table-export.png	../../.gitbook/assets/data-table-export.png	data-table-export.png
logic-software/saving-and-exporting-data/exporting-data.md	markdown-img	../../../.gitbook/assets/export1.png	../../.gitbook/assets/export1.png	export1.png
logic-software/saving-and-exporting-data/exporting-data.md	markdown-img	../../../.gitbook/assets/export-analyzer.png	../../.gitbook/assets/export-analyzer.png	export-analyzer.png
logic-software/saving-and-exporting-data/exporting-data.md	angle-bracket-img	../../../.gitbook/assets/Screen Shot 2021-06-28 at 4.48.59 PM.png	../../.gitbook/assets/Screen Shot 2021-06-28 at 4.48.59 PM.png	Screen Shot 2021-06-28 at 4.48.59 PM.png
logic-software/saving-and-exporting-data/exporting-data.md	html-img	../../../.gitbook/assets/file-menu.png	../../.gitbook/assets/file-menu.png	file-menu.png
logic-software/saving-and-exporting-data/exporting-data.md	html-img	../../../.gitbook/assets/Screenshot 2023-06-07 at 5.34.28 PM.png	../../.gitbook/assets/Screenshot 2023-06-07 at 5.34.28 PM.png	Screenshot 2023-06-07 at 5.34.28 PM.png
logic-software/saving-and-exporting-data/open-logicdata-files.md	angle-bracket-img	../../../.gitbook/assets/Screen Shot 2022-02-01 at 3.55.19 PM.png	../../.gitbook/assets/Screen Shot 2022-02-01 at 3.55.19 PM.png	Screen Shot 2022-02-01 at 3.55.19 PM.png
logic-software/saving-and-exporting-data/saving-loading-and-exporting-data.md	angle-bracket-img	../../../.gitbook/assets/Screen Shot 2021-02-26 at 3.52.26 PM.png	../../.gitbook/assets/Screen Shot 2021-02-26 at 3.52.26 PM.png	Screen Shot 2021-02-26 at 3.52.26 PM.png
logic-software/saving-and-exporting-data/saving-loading-and-exporting-data.md	html-img	../../../.gitbook/assets/Screenshot 2024-03-20 at 5.11.22 PM.png	../../.gitbook/assets/Screenshot 2024-03-20 at 5.11.22 PM.png	Screenshot 2024-03-20 at 5.11.22 PM.png
logic-software/saving-and-exporting-data/saving-loading-and-exporting-data.md	html-img	../../../.gitbook/assets/Screenshot 2024-03-20 at 5.13.32 PM.png	../../.gitbook/assets/Screenshot 2024-03-20 at 5.13.32 PM.png	Screenshot 2024-03-20 at 5.13.32 PM.png
logic-software/settings-and-preferences/automatic-updates.md	angle-bracket-img	../../../.gitbook/assets/Screen Shot 2021-11-15 at 4.08.15 PM.png	../../.gitbook/assets/Screen Shot 2021-11-15 at 4.08.15 PM.png	Screen Shot 2021-11-15 at 4.08.15 PM.png
logic-software/settings-and-preferences/automatic-updates.md	angle-bracket-img	../../../.gitbook/assets/Screen Shot 2021-11-15 at 4.08.27 PM.png	../../.gitbook/assets/Screen Shot 2021-11-15 at 4.08.27 PM.png	Screen Shot 2021-11-15 at 4.08.27 PM.png
logic-software/settings-and-preferences/automatic-updates.md	angle-bracket-img	../../../.gitbook/assets/Screen Shot 2021-11-15 at 4.15.09 PM.png	../../.gitbook/assets/Screen Shot 2021-11-15 at 4.15.09 PM.png	Screen Shot 2021-11-15 at 4.15.09 PM.png
logic-software/settings-and-preferences/changing-window-resolution.md	html-img	../../../.gitbook/assets/Ubuntu_Scaling.png	../../.gitbook/assets/Ubuntu_Scaling.png	Ubuntu_Scaling.png
logic-software/settings-and-preferences/color-themes.md	html-img	../../../.gitbook/assets/Screen Shot 2022-10-27 at 7.37.53 PM.png	../../.gitbook/assets/Screen Shot 2022-10-27 at 7.37.53 PM.png	Screen Shot 2022-10-27 at 7.37.53 PM.png
logic-software/settings-and-preferences/color-themes.md	html-img	../../../.gitbook/assets/light.png	../../.gitbook/assets/light.png	light.png
logic-software/settings-and-preferences/color-themes.md	html-img	../../../.gitbook/assets/dark.png	../../.gitbook/assets/dark.png	dark.png
logic-software/settings-and-preferences/keyboard-shortcuts.md	html-img	../../../.gitbook/assets/keyboard-shortcuts.png	../../.gitbook/assets/keyboard-shortcuts.png	keyboard-shortcuts.png
logic-software/viewing-and-analyzing-data/changing-the-display-radix.md	markdown-img	../../../.gitbook/assets/radix.png	../../.gitbook/assets/radix.png	radix.png
logic-software/viewing-and-analyzing-data/changing-the-display-radix.md	html-img	../../../.gitbook/assets/Screenshot 2025-08-11 at 4.27.08 PM.png	../../.gitbook/assets/Screenshot 2025-08-11 at 4.27.08 PM.png	Screenshot 2025-08-11 at 4.27.08 PM.png
logic-software/viewing-and-analyzing-data/data-table-and-terminal.md	angle-bracket-img	../../../.gitbook/assets/Screen Shot 2021-07-14 at 5.33.57 PM.png	../../.gitbook/assets/Screen Shot 2021-07-14 at 5.33.57 PM.png	Screen Shot 2021-07-14 at 5.33.57 PM.png
logic-software/viewing-and-analyzing-data/data-table-and-terminal.md	angle-bracket-img	../../../.gitbook/assets/Screen Shot 2021-07-14 at 5.36.33 PM.png	../../.gitbook/assets/Screen Shot 2021-07-14 at 5.36.33 PM.png	Screen Shot 2021-07-14 at 5.36.33 PM.png
logic-software/viewing-and-analyzing-data/data-table-and-terminal.md	angle-bracket-img	../../../.gitbook/assets/Screen Shot 2021-07-14 at 5.47.26 PM.png	../../.gitbook/assets/Screen Shot 2021-07-14 at 5.47.26 PM.png	Screen Shot 2021-07-14 at 5.47.26 PM.png
logic-software/viewing-and-analyzing-data/data-table-and-terminal.md	angle-bracket-img	../../../.gitbook/assets/Screen Shot 2021-04-07 at 3.40.30 PM.png	../../.gitbook/assets/Screen Shot 2021-04-07 at 3.40.30 PM.png	Screen Shot 2021-04-07 at 3.40.30 PM.png
logic-software/viewing-and-analyzing-data/data-table-and-terminal.md	angle-bracket-img	../../../.gitbook/assets/Screen Shot 2021-07-14 at 5.53.44 PM.png	../../.gitbook/assets/Screen Shot 2021-07-14 at 5.53.44 PM.png	Screen Shot 2021-07-14 at 5.53.44 PM.png
logic-software/viewing-and-analyzing-data/data-table-and-terminal.md	angle-bracket-img	../../../.gitbook/assets/Screen Shot 2022-04-08 at 6.12.38 PM.png	../../.gitbook/assets/Screen Shot 2022-04-08 at 6.12.38 PM.png	Screen Shot 2022-04-08 at 6.12.38 PM.png
logic-software/viewing-and-analyzing-data/data-table-and-terminal.md	angle-bracket-img	../../../.gitbook/assets/Screen Shot 2021-09-10 at 5.21.15 PM.png	../../.gitbook/assets/Screen Shot 2021-09-10 at 5.21.15 PM.png	Screen Shot 2021-09-10 at 5.21.15 PM.png
logic-software/viewing-and-analyzing-data/data-table-and-terminal.md	angle-bracket-img	../../../.gitbook/assets/Screen Shot 2021-09-10 at 5.20.12 PM.png	../../.gitbook/assets/Screen Shot 2021-09-10 at 5.20.12 PM.png	Screen Shot 2021-09-10 at 5.20.12 PM.png
logic-software/viewing-and-analyzing-data/data-table-and-terminal.md	angle-bracket-img	../../../.gitbook/assets/Screen Shot 2021-09-10 at 5.23.44 PM.png	../../.gitbook/assets/Screen Shot 2021-09-10 at 5.23.44 PM.png	Screen Shot 2021-09-10 at 5.23.44 PM.png
logic-software/viewing-and-analyzing-data/data-table-and-terminal.md	html-img	../../../.gitbook/assets/Screen Shot 2023-01-26 at 3.18.47 PM.png	../../.gitbook/assets/Screen Shot 2023-01-26 at 3.18.47 PM.png	Screen Shot 2023-01-26 at 3.18.47 PM.png
logic-software/viewing-and-analyzing-data/data-table-and-terminal.md	html-img	../../../.gitbook/assets/Screen Shot 2023-01-17 at 6.10.56 PM.png	../../.gitbook/assets/Screen Shot 2023-01-17 at 6.10.56 PM.png	Screen Shot 2023-01-17 at 6.10.56 PM.png
logic-software/viewing-and-analyzing-data/delete-data.md	angle-bracket-img	../../../.gitbook/assets/Screen Shot 2020-12-01 at 4.45.26 PM.png	../../.gitbook/assets/Screen Shot 2020-12-01 at 4.45.26 PM.png	Screen Shot 2020-12-01 at 4.45.26 PM.png
logic-software/viewing-and-analyzing-data/delete-data.md	angle-bracket-img	../../../.gitbook/assets/Screen Shot 2020-12-01 at 4.49.45 PM.png	../../.gitbook/assets/Screen Shot 2020-12-01 at 4.49.45 PM.png	Screen Shot 2020-12-01 at 4.49.45 PM.png
logic-software/viewing-and-analyzing-data/how-can-i-compare-signals-from-different-captures.md	html-img	../../../.gitbook/assets/Screenshot 2023-07-21 at 7.00.19 PM.png	../../.gitbook/assets/Screenshot 2023-07-21 at 7.00.19 PM.png	Screenshot 2023-07-21 at 7.00.19 PM.png
logic-software/viewing-and-analyzing-data/measurements-timing-markers.md	angle-bracket-img	../../../.gitbook/assets/Screen Shot 2021-04-02 at 2.19.22 PM.png	../../.gitbook/assets/Screen Shot 2021-04-02 at 2.19.22 PM.png	Screen Shot 2021-04-02 at 2.19.22 PM.png
logic-software/viewing-and-analyzing-data/measurements-timing-markers.md	angle-bracket-img	../../../.gitbook/assets/Screen Shot 2021-04-02 at 2.21.43 PM (1).png	../../.gitbook/assets/Screen Shot 2021-04-02 at 2.21.43 PM (1).png	Screen Shot 2021-04-02 at 2.21.43 PM (1).png
logic-software/viewing-and-analyzing-data/measurements-timing-markers.md	angle-bracket-img	../../../.gitbook/assets/Screen Shot 2021-07-14 at 5.08.53 PM.png	../../.gitbook/assets/Screen Shot 2021-07-14 at 5.08.53 PM.png	Screen Shot 2021-07-14 at 5.08.53 PM.png
logic-software/viewing-and-analyzing-data/navigating-the-software.md	angle-bracket-img	../../../.gitbook/assets/Screen Shot 2020-09-03 at 4.20.26 PM.png	../../.gitbook/assets/Screen Shot 2020-09-03 at 4.20.26 PM.png	Screen Shot 2020-09-03 at 4.20.26 PM.png
logic-software/viewing-and-analyzing-data/navigating-the-software.md	angle-bracket-img	../../../.gitbook/assets/Screen Shot 2020-09-03 at 5.42.31 PM (1).png	../../.gitbook/assets/Screen Shot 2020-09-03 at 5.42.31 PM (1).png	Screen Shot 2020-09-03 at 5.42.31 PM (1).png
logic-software/viewing-and-analyzing-data/navigating-the-software.md	angle-bracket-img	../../../.gitbook/assets/Screen Shot 2020-09-23 at 5.02.24 PM.png	../../.gitbook/assets/Screen Shot 2020-09-23 at 5.02.24 PM.png	Screen Shot 2020-09-23 at 5.02.24 PM.png
logic-software/viewing-and-analyzing-data/navigating-your-data.md	angle-bracket-img	../../../.gitbook/assets/Screen Shot 2022-06-07 at 4.06.58 PM.png	../../.gitbook/assets/Screen Shot 2022-06-07 at 4.06.58 PM.png	Screen Shot 2022-06-07 at 4.06.58 PM.png
logic-software/viewing-and-analyzing-data/navigating-your-data.md	angle-bracket-img	../../../.gitbook/assets/Screen Shot 2021-02-10 at 5.25.27 PM (1).png	../../.gitbook/assets/Screen Shot 2021-02-10 at 5.25.27 PM (1).png	Screen Shot 2021-02-10 at 5.25.27 PM (1).png
logic-software/viewing-and-analyzing-data/navigating-your-data.md	angle-bracket-img	../../../.gitbook/assets/Screen Shot 2022-08-10 at 6.48.35 PM.png	../../.gitbook/assets/Screen Shot 2022-08-10 at 6.48.35 PM.png	Screen Shot 2022-08-10 at 6.48.35 PM.png
logic-software/viewing-and-analyzing-data/navigating-your-data.md	angle-bracket-img	../../../.gitbook/assets/Screen Shot 2021-08-16 at 6.35.06 PM.png	../../.gitbook/assets/Screen Shot 2021-08-16 at 6.35.06 PM.png	Screen Shot 2021-08-16 at 6.35.06 PM.png
logic-software/viewing-and-analyzing-data/navigating-your-data.md	angle-bracket-img	../../../.gitbook/assets/Screen Shot 2021-08-16 at 6.28.50 PM.png	../../.gitbook/assets/Screen Shot 2021-08-16 at 6.28.50 PM.png	Screen Shot 2021-08-16 at 6.28.50 PM.png
logic-software/viewing-and-analyzing-data/software-glitch-filter.md	angle-bracket-img	../../../.gitbook/assets/Screen Shot 2021-03-17 at 4.54.31 PM.png	../../.gitbook/assets/Screen Shot 2021-03-17 at 4.54.31 PM.png	Screen Shot 2021-03-17 at 4.54.31 PM.png
logic-software/viewing-and-analyzing-data/software-glitch-filter.md	angle-bracket-img	../../../.gitbook/assets/Screen Shot 2021-03-17 at 4.57.17 PM.png	../../.gitbook/assets/Screen Shot 2021-03-17 at 4.57.17 PM.png	Screen Shot 2021-03-17 at 4.57.17 PM.png
logic-software/viewing-and-analyzing-data/time-bar-settings.md	angle-bracket-img	../../../.gitbook/assets/Screen Shot 2021-04-02 at 2.32.18 PM.png	../../.gitbook/assets/Screen Shot 2021-04-02 at 2.32.18 PM.png	Screen Shot 2021-04-02 at 2.32.18 PM.png
logic-software/viewing-and-analyzing-data/time-bar-settings.md	angle-bracket-img	../../../.gitbook/assets/Screen Shot 2021-04-21 at 5.14.57 PM.png	../../.gitbook/assets/Screen Shot 2021-04-21 at 5.14.57 PM.png	Screen Shot 2021-04-21 at 5.14.57 PM.png
logic-software/viewing-and-analyzing-data/time-bar-settings.md	angle-bracket-img	../../../.gitbook/assets/Screen Shot 2021-04-02 at 2.41.25 PM.png	../../.gitbook/assets/Screen Shot 2021-04-02 at 2.41.25 PM.png	Screen Shot 2021-04-02 at 2.41.25 PM.png
logic-software/viewing-and-analyzing-data/using-protocol-analyzers.md	markdown-img	../../../.gitbook/assets/Analyzer_restart.png	../../.gitbook/assets/Analyzer_restart.png	Analyzer_restart.png
logic-software/viewing-and-analyzing-data/using-protocol-analyzers.md	angle-bracket-img	../../../.gitbook/assets/Screen Shot 2021-10-26 at 3.50.43 PM.png	../../.gitbook/assets/Screen Shot 2021-10-26 at 3.50.43 PM.png	Screen Shot 2021-10-26 at 3.50.43 PM.png
logic-software/viewing-and-analyzing-data/using-protocol-analyzers.md	angle-bracket-img	../../../.gitbook/assets/Screen Shot 2021-10-26 at 3.46.55 PM.png	../../.gitbook/assets/Screen Shot 2021-10-26 at 3.46.55 PM.png	Screen Shot 2021-10-26 at 3.46.55 PM.png
logic-software/viewing-and-analyzing-data/viewing-i2c-addresses-as-8-bit.md	angle-bracket-img	../../../.gitbook/assets/Screen Shot 2021-01-29 at 4.20.11 PM (1).png	../../.gitbook/assets/Screen Shot 2021-01-29 at 4.20.11 PM (1).png	Screen Shot 2021-01-29 at 4.20.11 PM (1).png
logic-software/viewing-and-analyzing-data/viewing-i2c-addresses-as-8-bit.md	angle-bracket-img	../../../.gitbook/assets/Screen Shot 2021-01-29 at 4.22.46 PM (1).png	../../.gitbook/assets/Screen Shot 2021-01-29 at 4.22.46 PM (1).png	Screen Shot 2021-01-29 at 4.22.46 PM (1).png
logic-software/viewing-and-analyzing-data/viewing-i2c-addresses-as-8-bit.md	angle-bracket-img	../../../.gitbook/assets/Screen Shot 2021-01-29 at 4.25.54 PM (1).png	../../.gitbook/assets/Screen Shot 2021-01-29 at 4.25.54 PM (1).png	Screen Shot 2021-01-29 at 4.25.54 PM (1).png
logic-software/viewing-and-analyzing-data/viewing-i2c-addresses-as-8-bit.md	angle-bracket-img	../../../.gitbook/assets/Screen Shot 2021-01-29 at 4.27.28 PM (1).png	../../.gitbook/assets/Screen Shot 2021-01-29 at 4.27.28 PM (1).png	Screen Shot 2021-01-29 at 4.27.28 PM (1).png
ordering-returns/180-day-return-policy-and-3-year-warranty.md	html-img	../../.gitbook/assets/saleae-warranty-sticker.png	../.gitbook/assets/saleae-warranty-sticker.png	saleae-warranty-sticker.png
ordering-returns/how-do-i-place-an-order.md	html-img	../../.gitbook/assets/Screen Shot 2022-10-12 at 1.40.31 PM.png	../.gitbook/assets/Screen Shot 2022-10-12 at 1.40.31 PM.png	Screen Shot 2022-10-12 at 1.40.31 PM.png
ordering-returns/how-do-i-place-an-order.md	html-img	../../.gitbook/assets/Screen Shot 2022-10-18 at 6.18.53 PM.png	../.gitbook/assets/Screen Shot 2022-10-18 at 6.18.53 PM.png	Screen Shot 2022-10-18 at 6.18.53 PM.png
ordering-returns/how-do-i-place-an-order.md	html-img	../../.gitbook/assets/Screen Shot 2022-10-18 at 6.22.26 PM.png	../.gitbook/assets/Screen Shot 2022-10-18 at 6.22.26 PM.png	Screen Shot 2022-10-18 at 6.22.26 PM.png
ordering-returns/how-do-i-place-an-order.md	html-img	../../.gitbook/assets/Screen Shot 2022-10-12 at 1.59.12 PM.png	../.gitbook/assets/Screen Shot 2022-10-12 at 1.59.12 PM.png	Screen Shot 2022-10-12 at 1.59.12 PM.png
ordering-returns/ship-to-po-box-error.md	markdown-img	../../../.gitbook/assets/swap.png	../.gitbook/assets/swap.png	swap.png
ordering-returns/ship-to-po-box-error.md	angle-bracket-img	../../../.gitbook/assets/po box error.png	../.gitbook/assets/po box error.png	po box error.png
ordering-returns/shipping-policy.md	html-img	../../.gitbook/assets/Screenshot 2025-01-29 at 2.53.16 PM.png	../.gitbook/assets/Screenshot 2025-01-29 at 2.53.16 PM.png	Screenshot 2025-01-29 at 2.53.16 PM.png
ordering-returns/tax-exemption.md	angle-bracket-img	../../.gitbook/assets/Screen Shot 2022-08-03 at 3.15.29 PM.png	../.gitbook/assets/Screen Shot 2022-08-03 at 3.15.29 PM.png	Screen Shot 2022-08-03 at 3.15.29 PM.png
ordering-returns/tax-exemption.md	angle-bracket-img	../../.gitbook/assets/Screen Shot 2020-11-18 at 10.54.53 PM.png	../.gitbook/assets/Screen Shot 2020-11-18 at 10.54.53 PM.png	Screen Shot 2020-11-18 at 10.54.53 PM.png
protocol-analyzers/analyzer-user-guides/using-async-serial.md	angle-bracket-img	../../../../.gitbook/assets/Screen Shot 2021-07-02 at 3.51.21 PM.png	../../.gitbook/assets/Screen Shot 2021-07-02 at 3.51.21 PM.png	Screen Shot 2021-07-02 at 3.51.21 PM.png
protocol-analyzers/analyzer-user-guides/using-async-serial.md	angle-bracket-img	../../../../.gitbook/assets/Screen Shot 2021-07-02 at 3.53.02 PM.png	../../.gitbook/assets/Screen Shot 2021-07-02 at 3.53.02 PM.png	Screen Shot 2021-07-02 at 3.53.02 PM.png
protocol-analyzers/analyzer-user-guides/using-async-serial.md	angle-bracket-img	../../../../.gitbook/assets/Screen Shot 2021-07-02 at 3.59.02 PM.png	../../.gitbook/assets/Screen Shot 2021-07-02 at 3.59.02 PM.png	Screen Shot 2021-07-02 at 3.59.02 PM.png
protocol-analyzers/analyzer-user-guides/using-async-serial.md	angle-bracket-img	../../../../.gitbook/assets/Screen Shot 2021-07-02 at 4.02.35 PM.png	../../.gitbook/assets/Screen Shot 2021-07-02 at 4.02.35 PM.png	Screen Shot 2021-07-02 at 4.02.35 PM.png
protocol-analyzers/analyzer-user-guides/using-async-serial.md	angle-bracket-img	../../../../.gitbook/assets/Screen Shot 2021-07-02 at 4.11.24 PM.png	../../.gitbook/assets/Screen Shot 2021-07-02 at 4.11.24 PM.png	Screen Shot 2021-07-02 at 4.11.24 PM.png
protocol-analyzers/analyzer-user-guides/using-async-serial.md	angle-bracket-img	../../../../.gitbook/assets/Screen Shot 2021-07-02 at 4.12.58 PM.png	../../.gitbook/assets/Screen Shot 2021-07-02 at 4.12.58 PM.png	Screen Shot 2021-07-02 at 4.12.58 PM.png
protocol-analyzers/analyzer-user-guides/using-async-serial.md	angle-bracket-img	../../../../.gitbook/assets/Screen Shot 2022-03-03 at 8.23.35 PM.png	../../.gitbook/assets/Screen Shot 2022-03-03 at 8.23.35 PM.png	Screen Shot 2022-03-03 at 8.23.35 PM.png
protocol-analyzers/analyzer-user-guides/using-async-serial.md	html-img	../../../../.gitbook/assets/parity_error.png	../../.gitbook/assets/parity_error.png	parity_error.png
protocol-analyzers/analyzer-user-guides/using-async-serial.md	html-img	../../../../.gitbook/assets/UART-data.png	../../.gitbook/assets/UART-data.png	UART-data.png
protocol-analyzers/analyzer-user-guides/using-dmx-512.md	html-img	../../../../.gitbook/assets/DMX-512 settings.png	../../.gitbook/assets/DMX-512 settings.png	DMX-512 settings.png
protocol-analyzers/analyzer-user-guides/using-i2c.md	angle-bracket-img	../../../../.gitbook/assets/Screen Shot 2021-08-30 at 5.59.27 PM.png	../../.gitbook/assets/Screen Shot 2021-08-30 at 5.59.27 PM.png	Screen Shot 2021-08-30 at 5.59.27 PM.png
protocol-analyzers/analyzer-user-guides/using-i2c.md	angle-bracket-img	../../../../.gitbook/assets/Screen Shot 2021-08-30 at 6.01.34 PM.png	../../.gitbook/assets/Screen Shot 2021-08-30 at 6.01.34 PM.png	Screen Shot 2021-08-30 at 6.01.34 PM.png
protocol-analyzers/analyzer-user-guides/using-i2c.md	angle-bracket-img	../../../../.gitbook/assets/Screen Shot 2021-08-30 at 6.07.47 PM.png	../../.gitbook/assets/Screen Shot 2021-08-30 at 6.07.47 PM.png	Screen Shot 2021-08-30 at 6.07.47 PM.png
protocol-analyzers/analyzer-user-guides/using-i2s-pcm.md	html-img	../../../../.gitbook/assets/unsigned_issue.png	../../.gitbook/assets/unsigned_issue.png	unsigned_issue.png
protocol-analyzers/analyzer-user-guides/using-i2s-pcm.md	html-img	../../../../.gitbook/assets/I2S-error.png	../../.gitbook/assets/I2S-error.png	I2S-error.png
protocol-analyzers/analyzer-user-guides/using-i2s-pcm.md	html-img	../../../../.gitbook/assets/Screen Shot 2023-01-30 at 4.55.55 PM.png	../../.gitbook/assets/Screen Shot 2023-01-30 at 4.55.55 PM.png	Screen Shot 2023-01-30 at 4.55.55 PM.png
protocol-analyzers/analyzer-user-guides/using-simple-parallel.md	markdown-img	../../../../.gitbook/assets/Simple-Parallel-Example.png	../../.gitbook/assets/Simple-Parallel-Example.png	Simple-Parallel-Example.png
protocol-analyzers/analyzer-user-guides/using-simple-parallel.md	markdown-img	../../../../.gitbook/assets/Decoding-Data.png	../../.gitbook/assets/Decoding-Data.png	Decoding-Data.png
protocol-analyzers/analyzer-user-guides/using-simple-parallel.md	html-img	../../../../.gitbook/assets/settings.png	../../.gitbook/assets/settings.png	settings.png
protocol-analyzers/analyzer-user-guides/using-spi.md	markdown-img	../../../../.gitbook/assets/SPI-Example.png	../../.gitbook/assets/SPI-Example.png	SPI-Example.png
protocol-analyzers/analyzer-user-guides/using-spi.md	markdown-img	../../../../.gitbook/assets/enable-none.png	../../.gitbook/assets/enable-none.png	enable-none.png
protocol-analyzers/analyzer-user-guides/using-spi.md	angle-bracket-img	../../../../.gitbook/assets/Screen Shot 2021-09-20 at 5.33.24 PM.png	../../.gitbook/assets/Screen Shot 2021-09-20 at 5.33.24 PM.png	Screen Shot 2021-09-20 at 5.33.24 PM.png
protocol-analyzers/analyzer-user-guides/using-the-smbus-analyzer.md	html-img	../../../../.gitbook/assets/Screenshot 2023-07-25 at 6.11.11 PM.png	../../.gitbook/assets/Screenshot 2023-07-25 at 6.11.11 PM.png	Screenshot 2023-07-25 at 6.11.11 PM.png
protocol-analyzers/analyzer-user-guides/using-the-smbus-analyzer.md	html-img	../../../../.gitbook/assets/Screenshot 2023-07-25 at 6.12.23 PM.png	../../.gitbook/assets/Screenshot 2023-07-25 at 6.12.23 PM.png	Screenshot 2023-07-25 at 6.12.23 PM.png
protocol-analyzers/analyzer-user-guides/using-the-smbus-analyzer.md	html-img	../../../../.gitbook/assets/Screenshot 2023-07-25 at 6.14.41 PM.png	../../.gitbook/assets/Screenshot 2023-07-25 at 6.14.41 PM.png	Screenshot 2023-07-25 at 6.14.41 PM.png
protocol-analyzers/analyzer-user-guides/using-the-smbus-analyzer.md	html-img	../../../../.gitbook/assets/Screenshot 2023-07-25 at 6.15.20 PM.png	../../.gitbook/assets/Screenshot 2023-07-25 at 6.15.20 PM.png	Screenshot 2023-07-25 at 6.15.20 PM.png
protocol-analyzers/analyzer-user-guides/using-the-smbus-analyzer.md	html-img	../../../../.gitbook/assets/Screenshot 2023-07-25 at 6.16.09 PM.png	../../.gitbook/assets/Screenshot 2023-07-25 at 6.16.09 PM.png	Screenshot 2023-07-25 at 6.16.09 PM.png
protocol-analyzers/learn-digital-protocols/1-wire.md	html-img	../../../.gitbook/assets/1wire.png	../../.gitbook/assets/1wire.png	1wire.png
protocol-analyzers/learn-digital-protocols/biss-c.md	html-img	../../../.gitbook/assets/BiSSC.png	../../.gitbook/assets/BiSSC.png	BiSSC.png
protocol-analyzers/learn-digital-protocols/digital-multiplex-dmx512.md	html-img	../../../.gitbook/assets/DMX.png	../../.gitbook/assets/DMX.png	DMX.png
protocol-analyzers/learn-digital-protocols/hdmi-consumer-electronics-control-cec.md	html-img	../../../.gitbook/assets/HDMI.png	../../.gitbook/assets/HDMI.png	HDMI.png
protocol-analyzers/learn-digital-protocols/inter-ic-sound-i2s-pcm.md	html-img	../../../.gitbook/assets/i2s.png	../../.gitbook/assets/i2s.png	i2s.png
protocol-analyzers/learn-digital-protocols/joint-test-action-group-jtag.md	html-img	../../../.gitbook/assets/JTAG.png	../../.gitbook/assets/JTAG.png	JTAG.png
protocol-analyzers/learn-digital-protocols/learn-asynchronous-serial.md	html-img	../../../.gitbook/assets/Topology.png	../../.gitbook/assets/Topology.png	Topology.png
protocol-analyzers/learn-digital-protocols/learn-asynchronous-serial.md	html-img	../../../.gitbook/assets/Topology1.png	../../.gitbook/assets/Topology1.png	Topology1.png
protocol-analyzers/learn-digital-protocols/learn-asynchronous-serial.md	html-img	../../../.gitbook/assets/Rooms.png	../../.gitbook/assets/Rooms.png	Rooms.png
protocol-analyzers/learn-digital-protocols/learn-asynchronous-serial.md	html-img	../../../.gitbook/assets/Rooms2.png	../../.gitbook/assets/Rooms2.png	Rooms2.png
protocol-analyzers/learn-digital-protocols/learn-asynchronous-serial.md	html-img	../../../.gitbook/assets/Reset.png	../../.gitbook/assets/Reset.png	Reset.png
protocol-analyzers/learn-digital-protocols/learn-asynchronous-serial.md	html-img	../../../.gitbook/assets/Reset2.png	../../.gitbook/assets/Reset2.png	Reset2.png
protocol-analyzers/learn-digital-protocols/learn-can.md	html-img	../../../.gitbook/assets/Yes.png	../../.gitbook/assets/Yes.png	Yes.png
protocol-analyzers/learn-digital-protocols/learn-can.md	html-img	../../../.gitbook/assets/No.png	../../.gitbook/assets/No.png	No.png
protocol-analyzers/learn-digital-protocols/learn-can.md	html-img	../../../.gitbook/assets/Electrical (1).png	../../.gitbook/assets/Electrical (1).png	Electrical (1).png
protocol-analyzers/learn-digital-protocols/learn-can.md	html-img	../../../.gitbook/assets/Dominant.png	../../.gitbook/assets/Dominant.png	Dominant.png
protocol-analyzers/learn-digital-protocols/learn-can.md	html-img	../../../.gitbook/assets/States1.png	../../.gitbook/assets/States1.png	States1.png
protocol-analyzers/learn-digital-protocols/learn-can.md	html-img	../../../.gitbook/assets/States2.png	../../.gitbook/assets/States2.png	States2.png
protocol-analyzers/learn-digital-protocols/learn-can.md	html-img	../../../.gitbook/assets/BitStuffing.png	../../.gitbook/assets/BitStuffing.png	BitStuffing.png
protocol-analyzers/learn-digital-protocols/learn-can.md	html-img	../../../.gitbook/assets/BitStuffing1.png	../../.gitbook/assets/BitStuffing1.png	BitStuffing1.png
protocol-analyzers/learn-digital-protocols/learn-can.md	html-img	../../../.gitbook/assets/Bitstuffing3.png	../../.gitbook/assets/Bitstuffing3.png	Bitstuffing3.png
protocol-analyzers/learn-digital-protocols/learn-can.md	html-img	../../../.gitbook/assets/StandardFrames.png	../../.gitbook/assets/StandardFrames.png	StandardFrames.png
protocol-analyzers/learn-digital-protocols/learn-can.md	html-img	../../../.gitbook/assets/ExtendedFrames.png	../../.gitbook/assets/ExtendedFrames.png	ExtendedFrames.png
protocol-analyzers/learn-digital-protocols/learn-i2c.md	html-img	../../../.gitbook/assets/Topology (1).png	../../.gitbook/assets/Topology (1).png	Topology (1).png
protocol-analyzers/learn-digital-protocols/learn-i2c.md	html-img	../../../.gitbook/assets/Topology2.png	../../.gitbook/assets/Topology2.png	Topology2.png
protocol-analyzers/learn-digital-protocols/learn-i2c.md	html-img	../../../.gitbook/assets/Sync.png	../../.gitbook/assets/Sync.png	Sync.png
protocol-analyzers/learn-digital-protocols/learn-i2c.md	html-img	../../../.gitbook/assets/Start.png	../../.gitbook/assets/Start.png	Start.png
protocol-analyzers/learn-digital-protocols/learn-i2c.md	html-img	../../../.gitbook/assets/Stop.png	../../.gitbook/assets/Stop.png	Stop.png
protocol-analyzers/learn-digital-protocols/learn-i2c.md	html-img	../../../.gitbook/assets/Write.png	../../.gitbook/assets/Write.png	Write.png
protocol-analyzers/learn-digital-protocols/learn-i2c.md	html-img	../../../.gitbook/assets/Idle.png	../../.gitbook/assets/Idle.png	Idle.png
protocol-analyzers/learn-digital-protocols/learn-i2c.md	html-img	../../../.gitbook/assets/Stop (1).png	../../.gitbook/assets/Stop (1).png	Stop (1).png
protocol-analyzers/learn-digital-protocols/learn-i2c.md	html-img	../../../.gitbook/assets/ReadWrite.png	../../.gitbook/assets/ReadWrite.png	ReadWrite.png
protocol-analyzers/learn-digital-protocols/learn-i2c.md	html-img	../../../.gitbook/assets/Byte.png	../../.gitbook/assets/Byte.png	Byte.png
protocol-analyzers/learn-digital-protocols/learn-i2c.md	html-img	../../../.gitbook/assets/Address.png	../../.gitbook/assets/Address.png	Address.png
protocol-analyzers/learn-digital-protocols/learn-spi.md	html-img	../../../.gitbook/assets/SyncAsync.png	../../.gitbook/assets/SyncAsync.png	SyncAsync.png
protocol-analyzers/learn-digital-protocols/learn-spi.md	html-img	../../../.gitbook/assets/SyncAsync1.png	../../.gitbook/assets/SyncAsync1.png	SyncAsync1.png
protocol-analyzers/learn-digital-protocols/learn-spi.md	html-img	../../../.gitbook/assets/RiseFall.jpg	../../.gitbook/assets/RiseFall.jpg	RiseFall.jpg
protocol-analyzers/learn-digital-protocols/learn-spi.md	html-img	../../../.gitbook/assets/DataClock.jpg	../../.gitbook/assets/DataClock.jpg	DataClock.jpg
protocol-analyzers/learn-digital-protocols/learn-spi.md	html-img	../../../.gitbook/assets/ThreeDevice.png	../../.gitbook/assets/ThreeDevice.png	ThreeDevice.png
protocol-analyzers/learn-digital-protocols/learn-spi.md	html-img	../../../.gitbook/assets/FiveDevice.png	../../.gitbook/assets/FiveDevice.png	FiveDevice.png
protocol-analyzers/learn-digital-protocols/learn-spi.md	html-img	../../../.gitbook/assets/SPIWay.png	../../.gitbook/assets/SPIWay.png	SPIWay.png
protocol-analyzers/learn-digital-protocols/learn-spi.md	html-img	../../../.gitbook/assets/Polarity.png	../../.gitbook/assets/Polarity.png	Polarity.png
protocol-analyzers/learn-digital-protocols/learn-spi.md	html-img	../../../.gitbook/assets/Pol00.png	../../.gitbook/assets/Pol00.png	Pol00.png
protocol-analyzers/learn-digital-protocols/learn-spi.md	html-img	../../../.gitbook/assets/Pol01.png	../../.gitbook/assets/Pol01.png	Pol01.png
protocol-analyzers/learn-digital-protocols/learn-spi.md	html-img	../../../.gitbook/assets/Pol10.png	../../.gitbook/assets/Pol10.png	Pol10.png
protocol-analyzers/learn-digital-protocols/learn-spi.md	html-img	../../../.gitbook/assets/Pol11 (1).png	../../.gitbook/assets/Pol11 (1).png	Pol11 (1).png
protocol-analyzers/learn-digital-protocols/learn-spi.md	html-img	../../../.gitbook/assets/PolPhase.png	../../.gitbook/assets/PolPhase.png	PolPhase.png
protocol-analyzers/learn-digital-protocols/learn-spi.md	html-img	../../../.gitbook/assets/PolPhase1.png	../../.gitbook/assets/PolPhase1.png	PolPhase1.png
protocol-analyzers/learn-digital-protocols/learn-spi.md	html-img	../../../.gitbook/assets/BitOrder.png	../../.gitbook/assets/BitOrder.png	BitOrder.png
protocol-analyzers/learn-digital-protocols/learn-spi.md	html-img	../../../.gitbook/assets/BitPerTrans.png	../../.gitbook/assets/BitPerTrans.png	BitPerTrans.png
protocol-analyzers/learn-digital-protocols/learn-spi.md	html-img	../../../.gitbook/assets/Enable.png	../../.gitbook/assets/Enable.png	Enable.png
protocol-analyzers/learn-digital-protocols/local-interconnect-network-lin.md	html-img	../../../.gitbook/assets/LIN.png	../../.gitbook/assets/LIN.png	LIN.png
protocol-analyzers/learn-digital-protocols/management-data-input-output-mdio.md	html-img	../../../.gitbook/assets/MDIO.png	../../.gitbook/assets/MDIO.png	MDIO.png
protocol-analyzers/learn-digital-protocols/ps-2-keyboard-mouse.md	html-img	../../../.gitbook/assets/PS2 (1).png	../../.gitbook/assets/PS2 (1).png	PS2 (1).png
protocol-analyzers/learn-digital-protocols/simple-parallel.md	html-img	../../../.gitbook/assets/Simple-Parallel-Example.png	../../.gitbook/assets/Simple-Parallel-Example.png	Simple-Parallel-Example.png
protocol-analyzers/learn-digital-protocols/single-wire-interface-swi.md	html-img	../../../.gitbook/assets/SWI.png	../../.gitbook/assets/SWI.png	SWI.png
protocol-analyzers/learn-digital-protocols/universal-serial-bus-usb-2.0.md	html-img	../../../.gitbook/assets/USB1.png	../../.gitbook/assets/USB1.png	USB1.png
protocol-analyzers/supported-protocols/supported-protocols.md	markdown-img	../../../.gitbook/assets/i3c-analyzer-in-action.gif	../../.gitbook/assets/i3c-analyzer-in-action.gif	i3c-analyzer-in-action.gif
specifications-hardware/datasheets-and-compliance/compliance-documentation.md	file-block	../.gitbook/assets/coc_logic_8_electromagnetic_compatibility.pdf	../../.gitbook/assets/coc_logic_8_electromagnetic_compatibility.pdf	coc_logic_8_electromagnetic_compatibility.pdf
specifications-hardware/datasheets-and-compliance/compliance-documentation.md	file-block	../.gitbook/assets/coc_logic_pro_8_electromagnetic_compatibility.pdf	../../.gitbook/assets/coc_logic_pro_8_electromagnetic_compatibility.pdf	coc_logic_pro_8_electromagnetic_compatibility.pdf
specifications-hardware/datasheets-and-compliance/compliance-documentation.md	file-block	../.gitbook/assets/coc_logic_pro_16_electromagnetic_compatibility.pdf	../../.gitbook/assets/coc_logic_pro_16_electromagnetic_compatibility.pdf	coc_logic_pro_16_electromagnetic_compatibility.pdf
specifications-hardware/datasheets-and-compliance/compliance-documentation.md	file-block	../.gitbook/assets/testreport_logic_8_electromagnetic_comp.pdf	../../.gitbook/assets/testreport_logic_8_electromagnetic_comp.pdf	testreport_logic_8_electromagnetic_comp.pdf
specifications-hardware/datasheets-and-compliance/compliance-documentation.md	file-block	../.gitbook/assets/testreport_logic_pro_8_electromagnetic_comp.pdf	../../.gitbook/assets/testreport_logic_pro_8_electromagnetic_comp.pdf	testreport_logic_pro_8_electromagnetic_comp.pdf
specifications-hardware/datasheets-and-compliance/compliance-documentation.md	file-block	../.gitbook/assets/testreport_logic_pro_16_electromagnetic_comp.pdf	../../.gitbook/assets/testreport_logic_pro_16_electromagnetic_comp.pdf	testreport_logic_pro_16_electromagnetic_comp.pdf
specifications-hardware/datasheets-and-compliance/compliance-documentation.md	file-block	../.gitbook/assets/coc_logic_8_low_voltage.pdf	../../.gitbook/assets/coc_logic_8_low_voltage.pdf	coc_logic_8_low_voltage.pdf
specifications-hardware/datasheets-and-compliance/compliance-documentation.md	file-block	../.gitbook/assets/coc_logic_pro_8_low_voltage.pdf	../../.gitbook/assets/coc_logic_pro_8_low_voltage.pdf	coc_logic_pro_8_low_voltage.pdf
specifications-hardware/datasheets-and-compliance/compliance-documentation.md	file-block	../.gitbook/assets/coc_logic_pro_16_low_voltage.pdf	../../.gitbook/assets/coc_logic_pro_16_low_voltage.pdf	coc_logic_pro_16_low_voltage.pdf
specifications-hardware/datasheets-and-compliance/compliance-documentation.md	file-block	../.gitbook/assets/testreport_logic_8_low_voltage.pdf	../../.gitbook/assets/testreport_logic_8_low_voltage.pdf	testreport_logic_8_low_voltage.pdf
specifications-hardware/datasheets-and-compliance/compliance-documentation.md	file-block	../.gitbook/assets/testreport_logic_pro_8_low_voltage.pdf	../../.gitbook/assets/testreport_logic_pro_8_low_voltage.pdf	testreport_logic_pro_8_low_voltage.pdf
specifications-hardware/datasheets-and-compliance/compliance-documentation.md	file-block	../.gitbook/assets/testreport_logic_pro_16_low_voltage.pdf	../../.gitbook/assets/testreport_logic_pro_16_low_voltage.pdf	testreport_logic_pro_16_low_voltage.pdf
specifications-hardware/datasheets-and-compliance/compliance-documentation.md	file-block	../.gitbook/assets/EU_Declaration_of Conformity.pdf	../../.gitbook/assets/EU_Declaration_of Conformity.pdf	EU_Declaration_of Conformity.pdf
specifications-hardware/datasheets-and-compliance/compliance-documentation.md	file-block	../.gitbook/assets/uk_declaration_of_conformity.pdf	../../.gitbook/assets/uk_declaration_of_conformity.pdf	uk_declaration_of_conformity.pdf
specifications-hardware/datasheets-and-compliance/compliance-documentation.md	file-block	../.gitbook/assets/rohs_declaration.pdf	../../.gitbook/assets/rohs_declaration.pdf	rohs_declaration.pdf
specifications-hardware/datasheets-and-compliance/compliance-documentation.md	file-block	../.gitbook/assets/saleae_statement_of_volatility.pdf	../../.gitbook/assets/saleae_statement_of_volatility.pdf	saleae_statement_of_volatility.pdf
specifications-hardware/electrical-characteristics/are-the-ground-pins-required-for-each-input-used.md	angle-bracket-img	../../../.gitbook/assets/image (12).png	../../.gitbook/assets/image (12).png	image (12).png
specifications-hardware/electrical-characteristics/suggestions-for-electrical-isolation.md	markdown-img	../../../.gitbook/assets/SAL-00140_8.jpeg	../../.gitbook/assets/SAL-00140_8.jpeg	SAL-00140_8.jpeg
specifications-hardware/usb-and-connectivity/do-i-have-a-usb-3.0-port.md	html-img	../../../.gitbook/assets/1_-_open_device_manager.png	../../.gitbook/assets/1_-_open_device_manager.png	1_-_open_device_manager.png
specifications-hardware/usb-and-connectivity/do-i-have-a-usb-3.0-port.md	html-img	../../../.gitbook/assets/2_-_switch_view.png	../../.gitbook/assets/2_-_switch_view.png	2_-_switch_view.png
specifications-hardware/usb-and-connectivity/do-i-have-a-usb-3.0-port.md	html-img	../../../.gitbook/assets/3_-_intel_3.0_port.png	../../.gitbook/assets/3_-_intel_3.0_port.png	3_-_intel_3.0_port.png
specifications-hardware/usb-and-connectivity/do-i-have-a-usb-3.0-port.md	html-img	../../../.gitbook/assets/4_-_other_ports.png	../../.gitbook/assets/4_-_other_ports.png	4_-_other_ports.png
specifications-hardware/usb-and-connectivity/ethernet-connectivity.md	markdown-img	../../../.gitbook/assets/ethernet-usb.png	../../.gitbook/assets/ethernet-usb.png	ethernet-usb.png
specifications-hardware/usb-and-connectivity/usb-3.0-host-controller-info.md	markdown-img	../../../.gitbook/assets/inline1733780973.png	../../.gitbook/assets/inline1733780973.png	inline1733780973.png
specifications-hardware/usb-and-connectivity/usb-3.0-host-controller-info.md	angle-bracket-img	../../../.gitbook/assets/Screen Shot 2021-04-02 at 3.12.57 PM.png	../../.gitbook/assets/Screen Shot 2021-04-02 at 3.12.57 PM.png	Screen Shot 2021-04-02 at 3.12.57 PM.png
troubleshooting/capture-and-recording-issues/time-measurement-error.md	html-img	../../../.gitbook/assets/uncertainty_error.png	../../.gitbook/assets/uncertainty_error.png	uncertainty_error.png
troubleshooting/capture-and-recording-issues/why-is-the-length-of-my-capture-incorrect.md	html-img	../../../.gitbook/assets/Screenshot 2023-06-12 at 2.16.27 PM.png	../../.gitbook/assets/Screenshot 2023-06-12 at 2.16.27 PM.png	Screenshot 2023-06-12 at 2.16.27 PM.png
troubleshooting/capture-and-recording-issues/why-is-the-length-of-my-capture-incorrect.md	html-img	../../../.gitbook/assets/Screenshot 2023-06-12 at 2.20.39 PM.png	../../.gitbook/assets/Screenshot 2023-06-12 at 2.20.39 PM.png	Screenshot 2023-06-12 at 2.20.39 PM.png
troubleshooting/data-and-analysis-issues/why-is-the-options-button-missing.md	markdown-img	../../../.gitbook/assets/2019-08-27_1742.png	../../.gitbook/assets/2019-08-27_1742.png	2019-08-27_1742.png
troubleshooting/device-connection-issues/move-logic-to-its-own-host-controller.md	html-img	../../../.gitbook/assets/select-logic-device.png	../../.gitbook/assets/select-logic-device.png	select-logic-device.png
troubleshooting/device-connection-issues/move-logic-to-its-own-host-controller.md	html-img	../../../.gitbook/assets/view-by-connection.png	../../.gitbook/assets/view-by-connection.png	view-by-connection.png
troubleshooting/device-connection-issues/move-logic-to-its-own-host-controller.md	html-img	../../../.gitbook/assets/locate-usb-extensible.png	../../.gitbook/assets/locate-usb-extensible.png	locate-usb-extensible.png
troubleshooting/installation-and-launch-issues/can-logic-run-on-arm.md	html-img	../../../.gitbook/assets/Screenshot 2023-07-11 at 4.46.33 PM.png	../../.gitbook/assets/Screenshot 2023-07-11 at 4.46.33 PM.png	Screenshot 2023-07-11 at 4.46.33 PM.png
tutorials-learning/concepts/what-is-a-display-radix.md	markdown-img	../../.gitbook/assets/2018-10-09\_1141.png	../../.gitbook/assets/2018-10-09_1141.png	2018-10-09_1141.png
tutorials-learning/concepts/what-is-a-display-radix.md	markdown-img	../../.gitbook/assets/2018-10-09\_1142.png	../../.gitbook/assets/2018-10-09_1142.png	2018-10-09_1142.png
tutorials-learning/concepts/what-is-a-display-radix.md	markdown-img	../../.gitbook/assets/2018-10-09\_1143.png	../../.gitbook/assets/2018-10-09_1143.png	2018-10-09_1143.png
tutorials-learning/concepts/what-is-a-display-radix.md	markdown-img	../../.gitbook/assets/2018-10-09\_1148.png	../../.gitbook/assets/2018-10-09_1148.png	2018-10-09_1148.png
tutorials-learning/concepts/what-is-a-display-radix.md	markdown-img	../../.gitbook/assets/2018-10-09\_1211.png	../../.gitbook/assets/2018-10-09_1211.png	2018-10-09_1211.png
tutorials-learning/example-projects/how-to-analyze-i2c.md	markdown-img	../../.gitbook/assets/screen\_26.png	../../.gitbook/assets/screen_26.png	screen_26.png
tutorials-learning/example-projects/how-to-analyze-i2c.md	markdown-img	../../.gitbook/assets/screen\_27.png	../../.gitbook/assets/screen_27.png	screen_27.png
tutorials-learning/example-projects/how-to-analyze-i2c.md	markdown-img	../../.gitbook/assets/screen\_28.png	../../.gitbook/assets/screen_28.png	screen_28.png
tutorials-learning/example-projects/how-to-analyze-i2c.md	markdown-img	../../.gitbook/assets/screen\_29.png	../../.gitbook/assets/screen_29.png	screen_29.png
tutorials-learning/example-projects/how-to-analyze-i2c.md	markdown-img	../../.gitbook/assets/screen\_30.png	../../.gitbook/assets/screen_30.png	screen_30.png
tutorials-learning/example-projects/how-to-analyze-i2c.md	angle-bracket-img	../../.gitbook/assets/i2c\_circuit\_fritzing (1).png	../../.gitbook/assets/i2c_circuit_fritzing (1).png	i2c_circuit_fritzing (1).png
tutorials-learning/example-projects/how-to-analyze-uart.md	markdown-img	../../.gitbook/assets/screen\_15.png	../../.gitbook/assets/screen_15.png	screen_15.png
tutorials-learning/example-projects/how-to-analyze-uart.md	markdown-img	../../.gitbook/assets/screen\_16.png	../../.gitbook/assets/screen_16.png	screen_16.png
tutorials-learning/example-projects/how-to-analyze-uart.md	markdown-img	../../.gitbook/assets/screen\_17.png	../../.gitbook/assets/screen_17.png	screen_17.png
tutorials-learning/example-projects/how-to-analyze-uart.md	markdown-img	../../.gitbook/assets/screen\_18.png	../../.gitbook/assets/screen_18.png	screen_18.png
tutorials-learning/example-projects/how-to-analyze-uart.md	markdown-img	../../.gitbook/assets/screen\_19.png	../../.gitbook/assets/screen_19.png	screen_19.png
tutorials-learning/example-projects/how-to-analyze-uart.md	markdown-img	../../.gitbook/assets/screen\_20.png	../../.gitbook/assets/screen_20.png	screen_20.png
tutorials-learning/example-projects/how-to-analyze-uart.md	angle-bracket-img	../../.gitbook/assets/uart\_circuit\_fritzing (1) (1).png	../../.gitbook/assets/uart_circuit_fritzing (1) (1).png	uart_circuit_fritzing (1) (1).png
tutorials-learning/example-projects/how-to-measure-analog-signals.md	markdown-img	../../.gitbook/assets/dac\_circuit\_fritzing.png	../../.gitbook/assets/dac_circuit_fritzing.png	dac_circuit_fritzing.png
tutorials-learning/example-projects/how-to-measure-analog-signals.md	markdown-img	../../.gitbook/assets/screen\_12.png	../../.gitbook/assets/screen_12.png	screen_12.png
tutorials-learning/example-projects/how-to-measure-analog-signals.md	markdown-img	../../.gitbook/assets/screen\_13.png	../../.gitbook/assets/screen_13.png	screen_13.png
tutorials-learning/example-projects/how-to-measure-analog-signals.md	markdown-img	../../.gitbook/assets/screen\_14.png	../../.gitbook/assets/screen_14.png	screen_14.png
tutorials-learning/example-projects/how-to-measure-analog-signals.md	angle-bracket-img	../../.gitbook/assets/saleae\_harness\_1 (3) (3) (3) (3) (3) (2) (2).jpg	../../.gitbook/assets/saleae_harness_1 (3) (3) (3) (3) (3) (2) (2).jpg	saleae_harness_1 (3) (3) (3) (3) (3) (2) (2).jpg
tutorials-learning/example-projects/how-to-measure-digital-logic.md	markdown-img	../../.gitbook/assets/saleae\_harness\_2.jpg	../../.gitbook/assets/saleae_harness_2.jpg	saleae_harness_2.jpg
tutorials-learning/example-projects/how-to-measure-digital-logic.md	markdown-img	../../.gitbook/assets/digital\_circuit\_fritzing.png	../../.gitbook/assets/digital_circuit_fritzing.png	digital_circuit_fritzing.png
tutorials-learning/example-projects/how-to-measure-digital-logic.md	markdown-img	../../.gitbook/assets/screen\_06.png	../../.gitbook/assets/screen_06.png	screen_06.png
tutorials-learning/example-projects/how-to-measure-digital-logic.md	markdown-img	../../.gitbook/assets/screen\_07.png	../../.gitbook/assets/screen_07.png	screen_07.png
tutorials-learning/example-projects/how-to-measure-digital-logic.md	markdown-img	../../.gitbook/assets/screen\_09.png	../../.gitbook/assets/screen_09.png	screen_09.png
tutorials-learning/example-projects/how-to-measure-digital-logic.md	markdown-img	../../.gitbook/assets/screen\_10.png	../../.gitbook/assets/screen_10.png	screen_10.png
tutorials-learning/example-projects/how-to-measure-digital-logic.md	markdown-img	../../.gitbook/assets/screen\_11.png	../../.gitbook/assets/screen_11.png	screen_11.png
tutorials-learning/example-projects/how-to-measure-digital-logic.md	angle-bracket-img	../../.gitbook/assets/screen\_08 (1) (1) (1) (1) (1).png	../../.gitbook/assets/screen_08 (1) (1) (1) (1) (1).png	screen_08 (1) (1) (1) (1) (1).png
tutorials-learning/guides/logic-analyzer-tutorial.md	markdown-img	../.gitbook/assets/LogicPro16.jpg	../../.gitbook/assets/LogicPro16.jpg	LogicPro16.jpg
tutorials-learning/guides/oscilloscope-tutorial.md	angle-bracket-img	../.gitbook/assets/assets%2F-LLgVUyGkRwpxJv5U2az%2F-LNlvgGv0rpldxR2QwPU%2F-LNlu1PFMUAJ-j149xBS%2FFigure 4.jpg	../../.gitbook/assets/assets%2F-LLgVUyGkRwpxJv5U2az%2F-LNlvgGv0rpldxR2QwPU%2F-LNlu1PFMUAJ-j149xBS%2FFigure 4.jpg	assets%2F-LLgVUyGkRwpxJv5U2az%2F-LNlvgGv0rpldxR2QwPU%2F-LNlu1PFMUAJ-j149xBS%2FFigure 4.jpg
